name;howToCollect;recyclingRestrictions;recyclingInstructions
ABS;ABS-ul se găsește, în principal, în carcasele aparatelor electrocasnice, tuburile și carcasele calculatoarelor. Din acest motiv „colectarea” nu se poate face separat de produsul de bază (DEEE-deșeu electronic).  \n  De asemenea, ABS-ul este un material termoplastic, foarte dur și lucios, obținut prin turnare într-o matriță – un exemplu cunoscut sunt jucăriile LEGO.[1] În acest caz particular, dacă nu este posibilă donarea acestora către grădinițe, centre de copii sau alte organizații de caritate, ele se vor colecta de preferință separat de celelalte deșeuri, într-o pungă/sac și se vor duce la centrele de colectare care acceptă acest tip de deșeuri.;Casete video \n  CD-uri și DVD-uri, inclusiv carcasele;"Cum poate fi transformat ABS-ul în filament de printare 3D cu ajutorul unui Filastruder (un aparat casnic care transformă peleții de plastic în bobine de filament) și a unui tocător de hârtiePentru mai multe informații utile despre protejarea mediului, te așteptăm și pe:<span data-mce-type=""bookmark"" style=""display: inline-block &&  width: 0px &&  overflow: hidden &&  line-height: 0 && "" class=""mce_SELRES_start""></span>"
Anvelope;Poți duce la reciclare anvelope vechi la producător, service-uri auto, vulcanizări, orice unitate abilitată să comercializeze anvelope.Toți operatorii comerciali care activează pe piața anvelopelor au obligația de a primi anvelopele uzate, indiferent dacă au fost sau nu achiziționate de la ei. [1];Anvelopele nu sunt dorite la gropile de gunoi din cauza volumului mare care ocupă spațiu însa dacă acestea sunt tocate pot fi folosite ca și material de construcție pentru sistemele de evacuare a gazului, pentru cele de colectare sau ca și garniture.;
Alte componente metalice, plastice automoto;;;
Anvelope;Poți duce la reciclare anvelope vechi la producător, service-uri auto, vulcanizări, orice unitate abilitată să comercializeze anvelope.Toți operatorii comerciali care activează pe piața anvelopelor au obligația de a primi anvelopele uzate, indiferent dacă au fost sau nu achiziționate de la ei. [1];Anvelopele nu sunt dorite la gropile de gunoi din cauza volumului mare care ocupă spațiu însa dacă acestea sunt tocate pot fi folosite ca și material de construcție pentru sistemele de evacuare a gazului, pentru cele de colectare sau ca și garniture.;
Acumulatori auto;Conform HG nr. 1132/2008 privind regimul bateriilor şi acumulatorilor şi al deşeurilor de baterii şi acumulatori, utilizatorii de baterii și acumulatori auto au obligația de a preda aceste deșeuri la distribuitorii de baterii și acumulatori auto, la ateliere service indiferent de unde au fost achiziționate, la producători sau la un centru de colectare pentru deșeuri de baterii și acumulatori. Aceștia sunt obligați să accepte acest tip de deșeuri fără a obliga utilizatorul să plătească sau să cumpere o baterie nouă.Bateriile și acumulatorii care au carcasa deteriorate sau prezintă pierderi de electrolit trebuie colectate separat, în containere speciale. Asigurați-vă că menționați acest lucru atunci când le predați. Acumulatorii auto și industriali sunt considerați deșeuri periculoase, fiind astfel interzisă aruncarea acestora.  ;;Directiva 2006/66/CE privind regimul bateriilor şi acumulatorilor şi al deşeurilor de baterii şi acumulatori menționează beneficiile reciclării acestor deșeuri:Aceste baterii se reciclează prin neutralizarea acidului cu sodă caustică, acid care este transformat în apă, bateria fiind spartă pentru a putea prelua plumbul din învelișul de plastic. Apa transformată din acid este curățată, tratată și testată pentru a respecta standardele și apoi este trimisă în sistemul public de canalizare. Plumbul se curăță și se topește pentru a fi refolosit. Plasticul este sortat de plumb și metalele grele și sunt trimise la punctele unde se fabrică alte carcase pentru baterii. De asemena, plasticul rezultat din separarea materialelor poate fi vândut producătorilor de obiecte din plastic ca materie primă.Până în 2016, Directiva 2006/66/CE a stabilit un obiectiv de 45% de reciclare ca rată minimă de colectare la nivel europeana bateriilor și acumulatorilor portabili. Nu a fost stabilit însă un obiectiv minim de colectare și pentru bateriile și acumulatorii auto și industriali.  În urma evaluărilor la nivel european, aceste obiective nu sunt suficiente pentru a asigura un nivel optim de colectare a deșeurilor de baterii.
Azbest;;;
Alte obiecte din Aluminiu (ex. lumânări tip „pastilă”);;;
Alamă;Alama se găsește de cele mai multe ori în instalațiile sanitare de uz casnic, dar și în cele industriale. Există mai multe tipuri de aliaje, însă cele mai frecvente este alama galbenă și roșie. Alama se mai găsește și în obiecte precum chei, mânerele ușilor sau corpuri de iluminat. Alama este un material greu. [1]Se colectează pentru reciclare materialul curat, fără alți contaminanți precum plastic, aluminiu, vopsea, lemn, ulei sau oțel. [2] Alama este un metal prețios și folositor și poate fi reciclat pentru a fi transformat în alte obiecte.;;
Alte tipuri de plastic;;;
Alte textile (ex. lenjerii pat);Înainte de a preda colectorului articolele spre reciclare, se va analiza dacă acestea nu pot fi recondiționate, pictate, reciclate creativ, astfel încât să se obțină produse „noi” frumoase și fără niciun cost.Deși 95% din deșeurile textile pot fi reutilizate, repurtate sau reciclate[1], numărul organizațiilor care colectează deșeuri textile este foarte mic, iar majoritatea acestor deșeuri sunt duse la fabricile de ciment, în vederea incinerării.Îmbrăcămintea și alte produse textile (ex. lenjerii de pat) trebuie colectate separat de alte deșeuri reciclabile, puse în saci curați, fiind în prealabil spălate. Dacă acestea sunt repurtabile, vor putea fi donate unor organizații caritabile sau vândute ca produse second-hand &&  dacă sunt considerate refolosibile, se pot folosi sub formă de lavete de curățenie. În cazul în care nu pot fi folosite în scopurile enumerate, dar sunt textile reciclabile, vor fi transformate în fibre textile şi folosite la fabricarea materialelor termo- sau fono-izolante sau a umpluturii pentru scaune și banchete.Lenjeria de pat, pijamalele, cămășile pot fi tăiate în bucăți mai mici – lavete, care să fie utilizate la curățenie (cârpe de șters praful, de spălat faianța, geamurile etc.), fețe de masă sau batiste textile, reutilizabile.Pernele, carpetele și unele pături cu conținut textil nu sunt reciclabile, dar pot fi donate unor organizații de protecția animalelor, pentru a fi utilizate drept așternut pentru animale.;Saltele (alternativă: saltelele din fibre naturale – lână, cocos[2]) \n  Pernele (alternativă: pernele cu umplutură din puf de gâscă și rață) \n  Pături, pilote (excepție: cele fabricate din materiale naturale (bumbac, lână) \n  Carpetele și covoarele \n  Draperii și perdele din fibre sintetice \n  Scaunele de birou (cu material textil) &&  se recomandă repararea lor[3] \n  Lenjerii (excepție: lenjeriile din bumbac) \n  Vată \n  Discurile demachiante \n  Absorbante femei (alternativă: absorbantele refolosibile[4]) \n  Scutece (excepție: scutecele textile reutilizabile[5]) \n  Bureții de spălat vase și cei de duș (alternative: bureții lufa și periile naturale[6]) \n  Lavete umede (compoziție lavete – exemplu: 70% celuloză, 30% fibre bbc) \n  Mopuri care au în componență fibre sintetice (plastic);În privința fibrelor sintetice, opțiunile sunt limitate, puține companii reciclând și articolele textile din poliester. Pentru fibrele naturale, există mai multe posibilități, atât pentru bumbac cât și pentru lână. Covoarele pot fi fabricate din mai multe fibre naturale sau/și sintetice.Fibrele naturale folosite la fabricarea covoarelor pot fi de origine vegetală (bumbac, sisal, iută, cocos), dar și animală (lână, mătase). Fibrele sintetice utilizate pot fi: poliamidă (PA), polipropilenă (PP), polietilenă (PE), polietilentereftalat (PET) sau poliacrilnitril (PAN).[7]
Becuri, neoane, LED;Un deșeu de tip DEEE este reciclabil dacă întrunește cel puțin una din următoarele cerințe:  \n  Se introduce în priză  \n  Utilizează baterii  \n  Necesită încărcare  \n  Are o imagine cu o pubelă pe roți tăiată cu o cruce (vezi mai jos)Becurile și tuburile de neon pot fi predate centrelor sau punctelor de colectare specializate în acest sens (ex. Recolamp). De curând, magazinele care comercializează asemenea produse sunt obligate să asigure clienților posibilitatea de a preda gratuit acest tip de DEEE-uri.  \n  Chiar dacă sunt fabricate din sticlă, este foarte important să NU se predea becurile sau tuburile fluorescente împreună cu deșeurile de sticlă, întrucât conțin un tip diferit de sticlă, cu elemente metalice și pot conține substanțe periculoase.  \n  Instalațiile de iluminat de Crăciun sunt, de asemenea, DEEE-uri. Pentru predarea lor, se va verifica înainte dacă sunt primite la centrul/punctul de colectare sau colectorul ales.;;"Pentru mai multe informații utile despre protejarea mediului, te așteptăm și pe:<span data-mce-type=""bookmark"" style=""display: inline-block &&  width: 0px &&  overflow: hidden &&  line-height: 0 && "" class=""mce_SELRES_start""></span>"
Baterii;Un deșeu de tip DEEE este reciclabil dacă întrunește cel puțin una din următoarele cerințe:  \n  – Se introduce în priză  \n  – Utilizează baterii  \n  – Necesită încărcare  \n  – Are o imagine cu o pubelă pe roți tăiată cu un „X” (vezi mai jos)În cazul în care nu există opțiunea predării aparatului vechi la livrarea celui nou, DEEE-urile pot fi transportate la centre de colectare specializate (care există fie în magazine – pentru baterii sau electrocasnice mici – ex. Ecotic), fie se poate solicita colectarea de acasă a DEEE-urilor, telefonic sau prin intermediul website-urilor disponibile clienților (ex.: Rorec). Se va întreba colectorul care este cantitatea minimă pentru care se face colectarea de la domiciliu/sediu. Poți găsi puncte de colectare pentru baterii și aici: https://localizare.hartareciclarii.ro/?material=Baterii  \n  Înainte de a fi aruncate sau predate centrelor de colectare, se vor scoate bateriile jucăriilor electrice, acestea urmând a fi predate spre reciclare centrelor sau punctelor de colectare baterii.  \n  Bateriile auto se predau, de regulă, la magazine de profil sau service-uri auto, la schimb cu cele nou achiziționate.;Unele baterii industriale;
Bronz;;;
Cărămizi, beton, moloz;Deșeurile din construcții și demolări (DCD) sunt deșeuri rezultate în urma unor construcții noi, modernizări sau demolări ale construcțiilor vechi. Acest tip de deșeuri nu trebuie tratat la fel ca celelalte tipuri, precum deșeurile menajere. [1] DCD sunt compuse din betoane, cărămizi, moloz, beton, dale, țigle, asfalt etc. Acestea nu sunt biodegradabile, de cele mai multe ori grele, voluminoase și suprasolicită gropile de gunoi.Colectarea deșeurilor din construcții și demolări se face în containere mari (care au minim 3m³) sau direct de către camioane basculante. Colectarea acestor deșeuri –  cărămizi, moloz sau beton – stă în sarcina cetățeanului să plătească pentru debarasarea lor, pentru că acesta poluează. Există și taxe pentru aceste deșeuri pentru a încuraja responsabilizarea în privința poluării. Persoanele care realizează lucrări în regie proprie sunt nevoite să solicite serviciile unor firme specializate sau de salubritate, care să ridice deșeurile.;;
Cartușe și toner de imprimantă;În măsura posibilităților, cartușele de imprimantă vor fi reutilizate prin reumplere. În acest fel, se poate ajunge la economii de până la 60% din prețul unui cartuș nou și, totodată, se reduce cantitatea de deșeuri de acest tip. Ultimele modele de imprimante apărute pe piață oferă posibilitatea reumplerii cartușului chiar de către utilizator.  \n  Deșeurile din cartușe și tonere de la imprimantă se colectează de operatori specializați. Majoritatea acestor deșeuri provin de la companii, fiind mai puțin generate în gospodăriile populației. În cazul în care nu se pot preda la centrele de colectare din zonă, se va lua legătura cu un colector autorizat, aceștia deplasându-se la sediu/domiciliu pentru un număr minim de cartușe (ex. 10 cartușe), depinzând însă și de tipul de cartuș.  \n  Mulți producători de cartușe pun la dispoziție diferite programe speciale pentru colectarea cartușelor de imprimantă și tonerelor (ex. buy-back). Dacă le sunt trimise cartușele utilizate, se vor asigura că acestea sunt reciclate.;Anumite tipuri de cartușe și tonere (este indicat să întrebați colectorul/furnizorul care sunt acestea înainte de predare).;Exista doua tipuri de reciclare de cartușe de imprimante:Numărul de reciclări a cartușelor este limitat, cele mai multe cartușe pot fi reciclate până la 6 ori?  Acestea sunt recondiționate, reumplute și apoi revândute consumatorilor la un preț mai mic decât cartușele originale noi.Cartușele reciclate pot avea aceeași calitate ca și cartușele noi?.
Carton;Îndepărtează banda adezivă de pe cutiile de carton.  \n  Cartonul trebuie să fie curat, uscat și necontaminat cu resturi alimentare (ex. sosuri – ca în cazul cutiilor de pizza). În cazul în care doar o parte a cartonului este contaminat/murdar, se îndepărtează partea contaminată (care se colectează la deșeurile menajere sau compostabile, după caz), iar partea curată se colectează împreună cu restul deșeurilor din carton. Aici poți găsi puncte de colectare pentru carton: https://localizare.hartareciclarii.ro/?material=H%C3%A2rtie%20%26%20carton.  \n  Pentru a ocupa cât mai puțin volum, cartonul se împăturește/turtește, astfel încât să ajungă la o formă cât mai plană.;;Procesul de reciclare este același ca la hârtie.Reciclarea propriu-zisă presupune mărunțirea și topirea într-un amestec de apă și diverse substanțe chimice, pentru a separa fibrele de celuloză. Amestecul este curățat de diferite resturi cum sunt, de exemplu, capsele metalice. Mixtura de pulpă rezultată, formată din 1% fibră și 99% apă este apoi întinsă pentru a forma o peliculă, urmează a fi presată pentru a îndepărta mare parte din apă. Aceasta este apoi rulată în suluri și transportată la producători de ambalaje, etc.[1]
Cupru;Orice obiect confecționat din metal poate fi reciclat. Metalul se împarte în două grupe: metale neferoase (aluminiu, cupru, zinc etc.) și metale feroase (oțel/inox/fier). Pentru a îți da seama în ce categorie se încadrează folosește un magnet. Metalele neferoase nu sunt magnetice, deci nu se va lipi magnetul de ele, în timp ce metalele feroase sunt magnetice.  \n  Metalul poate proveni din multiple surse, de la electronice și electrocasnice mici și mari (unele componente ale acestora sunt confecționate din diferite metale – aur, argint, zinc, oțel, etc.) până la obiecte folosite în construcții sau conserve și doze pentru băuturi.  \n  Cel mai frecvent și valoros material reciclabil e aluminiul. Acesta se găsește sub forma dozelor de băuturi răcoritoare, bere, energizante, a flacoanelor cu aerosoli de parfum sau deodorant.;Recipientele metalice care nu au fost golite de conținut. \n  Recipientele metalice de vopsea sau alte produse, contaminate cu solvenți sau alte substanțe periculoase.;
Cutii de conserve;Te-ai întrebat unde poți duce la reciclare acele cutii de la conserve? Cutiile de conserve sunt folosite pentru a ambala mâncare pentru animale sau oameni, folosite ca formă de ambalare încă din secolul al 14-lea. [1] Acestea se colectează în containerul cu metale după ce sunt curățate de orice urmă mâncare pentru a nu contamina. Majoritatea cutiilor de conserve au și o etichetă de hârtie, care poate fi înlăturată și colectată la hârtie sau poate fi lăsată pe conservă. Aceasta va fi înlăturată în procesul de reciclare. Cutiile de conserve nu trebuie să aibă mâncare în interior, trebuie să fie clătite cu apă pentru a nu contamina și celelalte materiale din container. Capacul trebuie îndepărtat și poziționat foarte bine înapoi în recipient pentru a reduce posibilitatea ca un animal să bage capul și să rămână blocat în recipient. [1];;
Capace de metal;Capacele de metal de la borcane, sticle sau doze se colectează în containerul pentru metal. Acestea trebuie să fie curate și să nu fie contaminate de mâncare.Având în vedere dimensiunea mică a capacelor, de cele mai multe ori acestea se pierd în drumul spre fabricile de reciclare sau în stația de sortare. Acestea sunt prea mici pentru a fi identificate de mașinile de sortare și cel mai adesea ajung la groapa de gunoi. Sfatul nostru este să pui aceste capace de metal într-un alt recipient mai mare din același metal. De asemenea, în cazul în care capacul are și o protecție din plastic, asigură-te că o îndepărtezi înainte de a-l colecta separat.;;
Deșeuri organice (deșeuri vegetale, resturi alimentare);Deșeurile organice generate în gospodării se vor colecta separat de deșeurile reciclabile (hârtie-carton, plastic, sticlă, metale, etc.), precum și de deșeurile menajere reziduale.Produsele alimentare excedentare și neexpirate se vor dona, pe cât posibil, unor centre de copii, cămine de bătrâni, persoane aflate în dificultate sau  vor fi direcționate către adăposturi de animale. De asemenea, pot fi direcționate către organizații de caritate pentru a fi distribuite către locațiile menționate anterior.Resturile organice vegetale se pot composta în curtea casei, într-un colț amenajat special, sau la grădini urbane comunitare. Dacă nu este posibilă niciuna din aceste variante, se vor preda salubristului ca „fracție umedă”.În cazul în care deșeurile vegetale se compostează în curtea casei, se va încerca amestecarea resturilor „verzi” (coji de legume, pulpă fructe) cu cele ”uscate” (frunze și flori veștejite), asigurându-se astfel un echilibru al nutrienților compostului (azot, fosfor, potasiu).Compostul obținut după câteva luni de la colectare se poate folosi ca îngrășământ în grădina proprie sau cea comunitară.;Șervețelele umede \n  Batistele din hârtie \n  Alimente lichide (ex. lapte) \n  Resturi vegetale afectate de dăunători (pot afecta calitatea compostului);
Deșeuri electrice, electronice și electrocasnice mari;Un deșeu de tip DEEE este reciclabil dacă întrunește cel puțin una din următoarele cerințe:  \n  – Se introduce în priză  \n  – Utilizează baterii  \n  – Necesită încărcare  \n  – Are o imagine cu o pubelă pe roți tăiată cu un “X” ( (vezi mai jos)  \n  – O listă completă a DEEE-urilor o poți găsi aici.[1]  \n  De multe ori, magazinele care vând produse electrocasnice colectează produsul vechi la livrarea celui nou – în special articole mai mari, cum ar fi televizoarele, frigiderele și congelatoarele.  \n  În cazul în care nu există opțiunea predării aparatului vechi la livrarea celui nou, DEEE-urile pot fi transportate la centre de colectare specializate (care există fie în magazine – pentru baterii sau electrocasnice mici – ex. Ecotic), fie se poate solicita colectarea de acasă a DEEE-urilor, telefonic sau prin intermediul website-urilor disponibile clienților (ex. Eco Positive). Se va întreba colectorul care este cantitatea minimă pentru care se face colectarea de la domiciliu/sediu.  \n  Înainte de a preda anumite deșeuri electrice, electronice și electrocasnice mari (ex. telefoane mobile, tablete, laptop-uri, televizoare smart), este indicat să fie șterse de pe ele datele cu caracter personal, pentru a nu risca să ajungă cunoscute și folosite de alte persoane.  \n  Dacă deținem DEEE care nu ne mai folosesc, dar mai sunt încă funcționale, cea mai indicată destinație a acestora este donarea, de exemplu pe grupul Free Cycle București, sau vinde-le pe diferite site-uri.;Tuburile catodice ale televizoarelor vechi (acestea se depozitează) \n  Unele substanțe periculoase existente în interiorul DEEE \n  Unele componente de DEEE;Tratarea DEEE presupune sortarea inițială a acestora pe tipologie (aparate frigorifice, echipamente cu CRT, electrocasnice mari, IT, etc.).În funcție de tipul de echipament există diferite tipuri de procedee. Cele mari – frigidere, congelatoare – sunt dezmembrate manual, apoi din ele se extrag fluidele (freonul și uleiul din compresor, care sunt stocate în tancuri speciale și trimise la reciclatori de specialitate), după care sunt mărunțite ca orice alt deșeu. Părțile metalice sunt separate cu ajutorul unor magneți, după care se separă chimic bucățile de spumă poliuretanică. Bucățile de metale neferoase – cele care nu sunt atrase de magneți – sunt separate de rest prin diverse metode: centrifugare, scufundarea resturilor într-un lichid (plasticul și lemnul vor pluti, dar metalul se scufundă &&  de vreme ce bucățile de fier au fost deja extrase, la fund nu mai rămân decât metalele neferoase), cu ajutorul curenților electrici, etc.[2]
Deșeuri electrice, electronice și electrocasnice mici;Un deșeu de tip DEEE este reciclabil dacă întrunește cel puțin una din următoarele cerințe:  \n  – Se introduce în priză  \n  – Utilizează baterii  \n  – Necesită încărcare  \n  – Are o imagine cu o pubelă pe roți tăiată cu un “X” ( (vezi mai jos)De multe ori, magazinele care vând produse electrocasnice colectează produsul vechi la livrarea celui nou – în special articole mai mari, cum ar fi televizoarele, frigiderele și congelatoarele.  \n  În cazul în care nu există opțiunea predării aparatului vechi la livrarea celui nou, DEEE-urile pot fi transportate la centre de colectare specializate (care există fie în magazine – pentru baterii sau electrocasnice mici – ex. Ecotic), fie se poate solicita colectarea de acasă a DEEE-urilor, telefonic sau prin intermediul website-urilor disponibile clienților (ex. Eco Positive). Se va întreba colectorul care este cantitatea minimă pentru care se face colectarea de la domiciliu/sediu. Aici găsești puncte de colectare pentru deșeuri electrice, electronice și electrocasnice mici: https://localizare.hartareciclarii.ro/?material=Deseuri%20electrice,%20electronice%20si%20electrocasnice%20mici   \n  Înainte de a preda anumite DEEE-uri (ex. telefoane mobile, tablete, laptop-uri, televizoare smart), este indicat să fie șterse de pe ele datele cu caracter personal, pentru a nu risca să ajungă cunoscute și folosite de alte persoane.;Tuburile catodice ale televizoarelor vechi (acestea se depozitează) \n  Unele substanțe periculoase existente în interiorul DEEE \n  Unele componente de DEEE;După colectarea deșeurilor electrice, acestea sunt încărcate și transportate în condiții de siguranță către operatorii de tratare și reciclare. Procesul de tratare include mai multe activităţi de natură fizică (dezmembrare / tăiere, sustragerea substanţelor nocive din componenţa unor DEEE prin anumite metode) din care rezultă componente (cabluri, motoare, plăci circuite imprimate) şi materiale (sticlă, plastic, metal etc.) ce vor fi supuse ulterior, în funcţie de caz, unor tratări suplimentare, valorificări, reciclări şi/sau neutralizări şi eliminări nepoluante. În cele din urmă, după neutralizarea substanţelor periculoase în vederea eliminării nepoluante, rezultă, din procese tehnologice minuţios organizate, materiile prime secundare pentru reintroducerea acestora în circuitul economic (ex: producţia unor bunuri). [1]Prezentarea atelierului social de recondiționare, reciclare computere – Ateliere fară Frontiere
Doze de aluminiu;Orice obiect confecționat din metal poate fi reciclat. Metalul se împarte în două grupe: metale neferoase (doze de aluminiu, cupru, bucăți de zinc etc.) și metale feroase (oțel/inox/fier). Pentru a îți da seama în ce categorie se încadrează folosește un magnet. Metalele neferoase nu sunt magnetice, deci nu se va lipi magnetul de ele, în timp ce metalele feroase sunt magnetice.  \n  Metalul poate proveni din multiple surse, de la electronice și electrocasnice mici și mari (unele componente ale acestora sunt confecționate din diferite metale – aur, argint, zinc, oțel, etc.) până la obiecte folosite în construcții sau conserve și doze pentru băuturi.  \n  Cel mai frecvent și valoros material reciclabil e aluminiul. Acesta se găsește sub forma dozelor de băuturi răcoritoare, bere, energizante, a flacoanelor cu aerosoli de parfum sau deodorant.;Recipientele metalice care nu au fost golite de conținut \n  Recipientele metalice de vopsea sau alte produse, contaminate cu solvenți sau alte substanțe periculoase \n  Folia metalizată de la diverse alimente, cum este cea de ciocolată sau de chips-uri;Deoarece sortarea în containerele dedicate nu este făcută întotdeauna corespunzător, de obicei la centrele specializate se mai face și o sortare manuală, și apoi una mecanică, ce utilizează un electromagnet, pentru a separa metalele feroase de cele neferoase. Fiecare categorie de metal este apoi procesată într-un mod specific.Pentru ca procesul de separare să fie mai facil, în majoritatea cazurilor metalul se reciclează în aceleași containere cu plasticul. Ele sunt apoi alese la stațiile de sortare.Deșeurile din metal trebuie colectate pe categorii de metale și duse la centrele de valorificare specializate, unde sunt sortate, spălate, topite, turnate în role, folie, lingou sau sul, apoi transformate în noi obiecte.
Deșeuri textile pre-producție;Acest tip de deșeuri este specific activităților productive (ateliere de croitorie, fabrici de îmbrăcăminte, fabrici de tricotaje, filaturi etc.), fiind preluate de către colectori autorizați în acest sens.  \n  Majoritatea deșeurilor pre-producție se folosesc la fabricarea de produse textile nețesute sau se pot valorifica energetic prin incinerare, reprezentând o bună materie primă în industria cimentului sau la generarea de agent termic.;Resturile textile din fibre sintetice contaminate cu uleiuri și substanțe periculoase \n  Resturile textile din piele sintetică;În privința fibrelor sintetice, opțiunile sunt limitate, puține companii reciclând țesăturile din poliester. Pentru fibrele naturale, există mai multe posibilități, atât pentru bumbac cât și pentru lână, fibrele reciclate și firele fabricate din surse post-consumatoare fiind disponibile pe piață. Procesul de reciclare presupune:Din punct de vedere tehnologic, valorificarea textilelor se realizează prin:
Erbicide;;;
Fibră optică;Fibra optică este o fibră de sticlă sau plastic care transportă lumină de-a lungul său. Fibrele optice sunt folosite pe scară largă în domeniul telecomunicațiilor. Acestea permit transmisii pe distanțe mai mari și la lărgimi de bandă mai mari decât alte medii de comunicație. Fibrele sunt utilizate în locul cablurilor de metal deoarece semnalul este transmis cu pierderi mai mici și sunt imune la interferențe electromagnetice. Fibrele optice sunt utilizate și pentru iluminat și transportă imagine, permițând astfel vizualizarea în zone înguste. Unele fibre optice proiectate special sunt utilizate în diverse alte aplicații, inclusiv senzori și laseri.[1];Din păcate, în România fibra optică nu prezintă interes pentru majoritatea colectorilor și nu există foarte multe tehnologii de reciclare În majoritatea cazurilor, fibra optică este incinerată în fabrici de ciment sau stații de incinerare.;"O companie din Bedford a reusit reciclarea unei cantități record de fibră opticăPentru mai multe informații utile despre protejarea mediului, te așteptăm și pe:<span data-mce-type=""bookmark"" style=""display: inline-block &&  width: 0px &&  overflow: hidden &&  line-height: 0 && "" class=""mce_SELRES_start""></span>"
Filtre de apă;Majoritatea filtrelor de apă au în componență filtrul propriu-zis (de carbon, de rășină, cu schimb de ioni, etc.). Ajută la reducerea alcalinității apei (depunerile de calcar) șu au și anumite metale grele, cum ar fi plumbul și cuprul, precum și plastic cu codificarea 5 (un tip de plastic greu reciclabil).  \n  După utilizare, filtrele de apă se lasă la uscat cca. 3 zile. Dacă este posibil, se vor colecta mai multe filtre uzate, înainte de a fi predate unui colector autorizat. Poate fi un colector de deseuri electrice si electronice – DEEE – ex. în cazul purificatoarelor care funcționează prin alimentare cu energie electrică.  \n  Întrucât acestea nu au un flux separat de colectare, se recomandă contactarea producătorului/distribuitorului. Îl puteți contacta pe pagina acestuia de internet, sau consultarea rubricii FAQ/Întrebări și Răspunsuri), pentru a primi cele mai calificate instrucțiuni privind colectarea și predarea deșeurilor din filtre de apă. Mulți producători au dezvoltat programe de reciclare a cartușelor filtrante, ca o componentă a programelor de responsabilitate  socială.  \n  Dacă este posibil, se va încerca repararea filtrului/înlocuirea unor componente. Pentru evitarea risipei, cumpărați filtre de calitate superioară, cu termen prelungit de valabilitate (chiar dacă prețul acestora este de cele mai multe ori mai mare).  \n  În cazul în care nu este posibilă obținerea informațiilor privind colectarea și reciclarea, filtrele se vor duce la Centrele de colectare a deșeurilor reciclabile.;;Cum poate fi reciclat un filtru de apăO alternativă de reciclare a cartușelor LabStrongCum îți poți construi propriul filtru Brita cu cărbune activ
Filtre auto;;;
Fontă;;;
Fier;;;
Folia de aluminiu;Folia de aluminiu se colectează separat pentru reciclare doar dacă aceasta este curată și nu are resturi menajere care pot contamina celelalte ambalaje. Dacă folia este puțin murdară, se recomandă clătirea acesteia și refolosirea ei (dacă este posibil). Fiind un material subțire care se poate distruge ușore, acesta se face bulgăre și se pune în recipientul de metale. Verificați înainte dacă colectorul ridică și acest tip de material.În cazul în care folia de aluminiu este murdară, se aruncă la deșeuri menajere, deoarece este contaminată și nu se poate recicla. [2];;
Folie plastic;;;
Flacoane din plastic (ex.: detergent, șampon, s.a.);Se colectează toate recipientele de HDPE (utilizate la majoritatea ambalajelor pentru detergenți, balsam rufe, înălbitori, șampon, balsam, produse curățenie)  \n  Recipientele, cu capac sau fără, se colectează fără îndepărtarea etichetelor, acestea se îndepărtează în timpul procesului de reciclare.  \n  Dacă este posibil, este preferabil ca înainte să fie spălate cu apă și uscate. Resturile solide sau lichide pot contamina alte deșeuri reciclabile cu care intră în contact. De asemenea, îngreunează procesul automat de sortare și pot chiar dăuna echipamentelor din instalațiile de sortare și reciclare.  \n  Recipientele se presează cât mai mult posibil, pentru reducerea volumului.;Recipiente ale produselor conținând substanțe chimice (ex. produse pe bază de sodă caustică) \n  Recipiente ale produselor conținând îngrășăminte pentru plante și pesticide (se vor colecta separat de celelalte deșeuri din plastic, întrucât pot conține substanțe periculoase). \n  Flacoanele pentru uleiuri minerale (de motor), deoarece unii reciclatori cer în mod expres ca să nu fie puse în recipientele pentru colectarea plasticului. Deși sunt confecționate din HDPE, ele conțin de cele mai multe ori urme de ulei mineral.[1];Deșeurile din plastic ajung în unitățile de reciclare de la companii specializate în colectare, de la firme care generează volume mari de astfel de ambalaje sau de la cetățeni. Deșeurile intră pe o bandă transportoare, unde sunt curățate, apoi sortate pe culori, după care intră în linii de măcinare-spălare, unde sunt tocate, spălate repetat şi uscate.HDPE (polietilenă de înaltă densitate) și LDPE (polietilenă de joasă densitate) sunt reciclate într-un mod similar cu sticlele PET. Ceea ce diferă este produsul final: acestea sunt transformate la reciclare în materie primă pentru obiecte de plastic durabile – mese, scaune, bănci, coșuri de gunoi, găleți, rigle, etc. LDPE reciclată mai poate fi folosită și la producerea de lemn plastifiat sau folie de plastic.  [2]Spre deosebire de PET-uri, pungile de plastic din LDPE (polietilenă de joasă densitate) trebuie însă topite după ce au fost tocate și spălate. La sfârșit se obțin niște granule de polietilenă, respectiv polipropilenă, din care se produc folii, saci pentru gunoi, chiar și produse din plastic turnat.[3]
Grăsimi alimentare;După utilizare, grăsimea din tigaie sau cratiță se lasă la răcit până la o temperatură apropiată de cea a corpului uman (pentru a nu provoca arsuri, în cazul intrării grăsimii în contact cu pielea). Se poate începe colectarea dacă, trecând ușor cu mâna deasupra tigăii, nu se mai simte abur fierbinte.  \n  Se strecoară grăsimea uzată, având grijă să nu se amestece grăsimea filtrată cu alte impurități sau apă. Cu ajutorul unei strecurători și al unei pâlnii se toarnă grăsimea lichidă în recipientul de colectare (care poate fi un bidon de plastic, de metal sau sticlă). Recipientul de colectare va fi închis etanș, pentru a nu emana mirosuri neplăcute.  \n  Când s-a strâns o cantitate suficient de mare (ex. 5 kg) se contactează un colector autorizat, care va veni să ridice recipientele de la domiciliu/sediu.  \n  Multe organizații care colectează ulei și grăsimi alimentare uzate oferă la schimb uleiuri alimentare comestibile sau produse de curățenie (ex. floarea soarelui, palmier, oleină, detergenți).;Grăsimile alimentare cu impurități nefiltrate. \n  Grăsimile alimentare amestecate cu apă, uleiuri minerale, ulei de motor, lichid de frână sau transmisie, produse chimice, resturi alimentare sau alte deșeuri.;
Geamuri, polistiren, PVC (rame termopan);Polistirenul este unul dintre cele mai răspândite materiale, mai ales pentru produsele de unică folosință, fiind foarte greu de reciclat. Îl găsești pe ambalaje cu codul PS. În acest moment, în România, nu există foarte mulți colectori, fiind un material cu o valoare foarte scăzută. Acesta ajunge de cele mai multe ori la groapa de gunoi.PVC sau clorura de polivinil este un alt tip de plastic, însă care nu poate fi valorificat în România. Costurile de procesare sunt ridicate, însă produsul final nu are o calitate bună. Din acest material sunt construite profilele pentru geamurile termopan, unele dintre cele mai răspândite tipuri de ferestre. [1];;
Genți;Înainte de a preda colectorului gențile și alte articole de marochinărie, se va analiza dacă acestea nu pot fi recondiționate, pictate, reciclate creativ, astfel încât să se obțină produse „noi” frumoase și fără niciun cost.  \n  Deși cele mai multe deșeuri din marochinărie pot fi reutilizate, numărul organizațiilor care colectează acest tip de deșeuri este foarte mic, cele mai multe asemenea deșeuri fiind duse la fabricile de ciment, în vederea incinerării.;Gențile, geamantanele, curelele din piele sau fibre sintetice, etc.;
Hârtie;Hârtia colectată trebuie să fie curată, necontaminată de resturi de mâncare, băuturi, ulei, vopseluri ș.a.  \n  Se colectează hârtia cât mai compact, fără a o face ghem.  \n  Se îndepărtează orice părți metalice sau de plastic, cum ar fi: capse, cleme, scotch, folia de plastic de la plicuri.  \n  Se colectează pentru reciclare: cărți, caiete, hârtie de birou, hârtie de birou tocată, reviste, ziare, cataloage și broșuri, plicuri (fără inserții de plastic), pungile de hârtie neplastifiate, hârtia maro (kraft).  \n  Cutiile de lapte și sucuri se reciclează separat, în coșul pentru plastic (recipiente Tetra Pak).;șervețelele și prosoapele de hârtie &&  \n  bonul fiscal, hârtia de ambalat lucioasă &&  \n  hârtia cerată (ex: recipiente pt mâncare cum sunt cutiile de la salate sau mâncarea chinezească, hârtia pentru ambalarea unor alimente vrac, cum ar fi mezelurile) &&  \n  hârtia plastifiată (ex: afișe, coperta revistelor glossy – la rupere se observă o peliculă subțire de plastic lipită de hârtie) &&  \n  paharele din carton pentru cafea (sunt cerate și plastifiate) &&  \n  hârtia cu lipici (ex: post-it).; Nu se pot recicla:Vezi detalii și despre carton.Hârtia are o durată de viață redusă, cea de înaltă calitate, cum este hârtia pentru imprimante, poate fi reciclată de maximum 5-7 ori, după care fibrele de celuloză se scurtează prea mult. În acest stadiu, produsul reciclat este de obicei folosit la cofrajele de ouă.[1]
Haine;Înainte de a preda colectorului articolele de îmbrăcăminte sau încălțăminte, se va analiza dacă acestea pot fi recondiționate, pictate, reciclate creativ, astfel încât să se obțină produse „noi” frumoase, cu costuri reduse și impact redus asupra mediului.Deși 95% din deșeurile textile pot fi reutilizate, repurtate sau reciclate[1], numărul organizațiilor care colectează deșeuri textile este foarte mic, iar majoritatea acestor deșeuri sunt duse la fabricile de ciment, în vederea coincinerării.Îmbrăcămintea și alte produse textile trebuie colectate separat de alte deșeuri reciclabile, puse în saci curați, fiind în prealabil spălate. Dacă îmbrăcămintea este repurtabilă, aceasta va putea fi donată unor organizații caritabile sau vândută ca haină second-hand &&  dacă este considerată refolosibilă, se poate folosi sub formă de lavete de curățenie. În cazul în care nu poate fi folosită în scopurile enumerate, dar sunt textile reciclabile, vor fi transformate în fibre textile şi folosite la fabricarea materialelor termo- sau fono-izolante sau a umpluturii pentru scaune, banchete, saltele etc.Costumele și uniformele școlare pot fi donate pentru a fi reutilizate de alți elevi (similar cu transmiterea hainelor bebelușilor de la un copil la altul).Pijamalele și cămășile pot fi tăiate în bucăți mai mici – lavete, care să fie utilizate la curățenie (cârpe de șters praful, de spălat faianța, geamurile etc.), fețe de masă sau batiste textile, reutilizabile.;Lenjerii (excepție: lenjeriile din bumbac) \n  Produsele de lenjerie intimă \n  Fibrele sintetice din poliester și alte materiale similare;
Inox;;;
Jucării;După ce jucăriile nu mai sunt dorite de copil sau sunt parțial sau integral deteriorate, se vor sorta pe mai multe categorii, în funcție de starea lor (bună/deteriorată), eventual pe grupe de vârstă.  \n  Jucăriile bune vor fi curățate și vor fi donate. Ia în considerare: membrii familiei, prietenii, vecinii, grădinițele, spitalele, bisericile, magazinele caritabilele sau organizațiilor de caritate de profil. O altă variantă este cea de vânzare pe rețele sociale și în grupuri online.  \n  De asemenea, se va analiza posibilitatea reparării celor deteriorate.  \n  Jucăriile care nu pot fi reparate sau sunt prea deteriorate pentru a fi donate/vândute, se vor colecta în funcție de materialele din care sunt confecționate (plastic, metal, lemn, au baterii etc.) și se vor preda spre reciclare la centrele de colectare (după ce se verifică dacă sunt acceptate). În cazul în care nu sunt acceptate, se vor preda salubristului local, împreună cu deșeurile menajere.  \n  Ambalajele jucăriilor se colectează și reciclează separat de acestea. La fel ca în cazul jucăriilor, acestea vor fi sortate în funcție de compoziția acestora (carton, plastic sau combinat – caz în care se separă pe cât posibil componentele ambalajului pe tipuri de materiale și se colectează împreună cu deșeurile similare).;Jucăriile care au în componență mecanisme electrice (se vor preda odată cu electrocasnicele mici – DEEE) – nu se reciclează în România \n  Jucăriile care pot fi dezmembrate ușor în componente reciclabile – nu se reciclează în România \n  Din câte știm, în Romania fabricile de reciclare nu primesc jucării pentru valorificare, in general acestea sunt sortate pe categorii și trimise la export sau coincinerate în fabrici de ciment.;Reciclarea jucăriilor presupune reciclarea părților componente care pot fi reciclate – metal, mecanisme electrice, plastic (în funcție de codificare), lemn, baterii incluse.O altă metodă este reciclarea manuală/creativă, în cadrul unor ateliere organizate cu copii și/sau părinți dornici să experimenteze activități recreative noi.Din jucării reciclate se pot realiza obiecte de decor, jucării noi, bijuterii artizanale, dar și piese de mobilier?
Lădițe;Recipientele HDPE (utilizate la majoritatea lădițelor și navetelor) se refolosesc, pe cât posibil, în același scop cu cel inițial (transport și depozitare, de regulă legume, fructe, produse de panificație etc).  \n  Anumite lădițe de plastic deteriorate, care nu se mai pot refolosi, se spală cu apă și se usucă, în vederea predării la centre de colectare, pentru a fi trimise la reciclare.  \n  Întrucât nu toți colectorii preiau toate tipurile de deșeuri din plastic, este util ca înainte de a preda deșeurile, să se întrebe colectorul dacă preia și lădițe de plastic. De exemplu, unii colectori preiau doar PET-uri, alții doar folie sau alte tipuri.;Recipiente ale produselor contaminate cu substanțe chimice periculoase.;Deși este atât de rezistent la degradare, PET-ul este 100% reciclabil. Din ambalajele reciclate se pot fabrica articole de îmbrăcăminte (ex.: tricouri, bluze „polar”, etc.).Aproximativ 60% din producția mondială de PET/HDPE/poliester din surse naturale este utilizată la fibrele textile. Există mari producători de îmbrăcăminte care folosesc exclusiv fibre obținute din PET/poliester reciclat, dar produsele sunt curate și igienice, procesul de reciclare implicând spălarea, eliminarea impurităților (precum hârtia etichetelor și capacele) și a contaminanților, măcinarea, tocarea, spălarea (din nou), uscarea și prelucrarea materialului în fulgi – materia primă pentru fibre textile sau alte ambalaje din PET.[1]
Mesh-uri publicitare;Întrucât mesh-urile sunt utilizate în scopuri publicitare și de protecție a fațadelor clădirilor pe durata renovării acestora, responsabilitatea colectării și predării acestora spre reciclare/valorificare aparține companiilor beneficiare sau de construcții, după caz.  \n  Mesh-urile uzate, la fel ca bannerele, pot fi însă direcționate spre organizații (companii, ONG-uri) care, după curățarea lor, le folosesc ca materie primă pentru confecționarea diferitelor produse de decor sau accesorii fashion – coșuri de depozitare, sacoșe, genți, portofele, huse, penare, mape etc.;Mesh-urile contaminate cu substanțe periculoase sau foarte deteriorate;Mesh-urile se reciclează similar celorlalte deșeuri din plastic/PVC. 
Mobilă din lemn;În România nu există o infrastructură care să asigure containerele de colectare separată a deșeurilor din lemn (ex. mobilă veche sau deteriorată). Poți găsi puncte de colectare aici: https://localizare.hartareciclarii.ro/?material=Mobil%C4%83%20din%20lemn. Persoanele juridice au obligația de a colecta separat deșeurile de lemn generate (de regulă, din ambalaje de lemn – paleți lădițe, dar și din procesarea lemnului – rumeguș și, mai rar, din înlocuirea mobilierului). Acestea sunt colectate ulterior de firme special autorizate în acest sens.  \n  Întrucât colectarea mobilei vechi implică necesitatea asigurării unui spațiu adecvat, ceea ce reprezintă o problemă pentru majoritatea familiilor, una dintre soluțiile fezabile este apelarea la firmele de colectare și reciclare a mobilei vechi.  \n  În momenul contactării firmei de colectare mobilier, cetățenii trebuie să-i ofere acesteia câteva informații necesare , cum ar fi: materialele din care este fabricată mobila veche (ex. lemn masiv, MDF, conține sticlă, metal etc.), în ce grad de uzură se află (dacă mai poate fi restaurată sau e iremediabil distrusă), dimensiuni și cantitate. Cele mai multe dintre firmele de colectare mobilă veche pot solicita și poze cu mobilierul de reciclat.[1]  \n  O altă soluție foarte bună pentru a putea scăpa de mobilierul vechi este colaborarea cu compania de salubritate arondată. Unele companii oferă servicii de ridicare gratuită a pieselor de mobilier, la anumite date și intervale orare sau în anumite limite cantitative (ex. gratuit pentru 1 canapea sau 2 fotolii, dar contra cost pentru ridicarea unei cantități mai mari). De asemenea, din ce în ce mai multe primării organizează campanii de ”debarasare” în colaborare cu companiile locale de salubritate, acestea fiind anunțate pe site-urile primăriilor respective sau în ziare locale.;Deșeuri din materiale compozite a căror separare în vederea reciclării implică un cost ridicat.;Deșeurile din lemn sunt duse la centrele de valorificare, unde sunt testate pentru depistarea deșeurilor lemnoase contaminate (lemn vopsit) și a materialelor nedorite precum praf, roci, gunoi menajer. Atunci când este vorba de lemn tratat, produsele de conservare folosite sunt mai problematice. Întrucât nu se poate constata ușor dacă lemnul folosit are sau nu poluanți, nu există nicăieri companii care să accepte recuperarea materialelor valorificabile conținute în lemn de origini diferite. Riscul ca substanțele dăunătoare să afecteze atmosfera în timpul tocării sau al tratamentului calorific al lemnului este foarte ridicat. De aceea, se renunță în general la reciclarea lemnului tratat, acesta este incinerat sau gazeificat în instalații special concepute pentru producția de energie, transformat în cărbune de lemn prin procese termice sau în celuloză [2] Reciclarea – durabilitate versus calitate
Măști faciale;Măștile și mănușile au un regim special de colectare, fiind deșeuri periculoase.Preocuparea pentru colectarea măștilor faciale din plastic, nereciclabile, a existat încă din momentul în care acestea au început să fie folosite la scară largă. Diferite centre comerciale au amplasat recipiente speciale de colectare a măștilor în vederea eliminării responsabile. Din martie 2021, măștile de unică folosință pot fi colectate în cadrul unui proiect pilot de mediu inițiat de organizația „Orașul Meu, Culorile Mele”, cu sprijinul Kaufland România. Acestea se pot colecta în cele 17 magazine Kaufland din București.O altă variantă pentru colectare a măștilor și mănușilor în siguranță o reprezintă coșurile dedicate deșeurilor periculoase amplasate în centrele comerciale mari sau în supermarketuri, un coș semnalizat cu galben și simbolul radioactiv.;;
Medicamente;Toate tipurile de medicamente sunt deșeuri periculoase, de aceea trebuie colectate separat și NU trebuie aruncate la gunoi, în toaletă sau în chiuvetă după perioada de expirare. Medicamentele pot fi predate gratuit la farmacii în vederea eliminării finale, prin incinerare. Însă, doar unele farmacii au contracte cu firmele specializate în eliminarea deșeurilor periculoase și un sistem funcțional de preluare a medicamentelor. [1] Acestea se colectează în ambalaje speciale care asigură transportul în siguranță pană la locul de incinerare.Medicamentele expirate trebuie colectate pentru a nu contamina solul și pânza freatică, în primul rând, pentru că dăunează sănătății noastre și în al doilea rând, pentru că are efecte dăunătoare pentru plante și animale. Medicamentele pot provoca daune ecologice, deoarece sistemele de filtrare a apei nu sunt eficiente în eliminarea substanțelor nocive. Aici găsești un model de proces verbal pentru predarea medicamentelor.;;
Oțel;;;
Parbrize/geamuri auto (sticlă);Deși primul gând ți-ar spune că se reciclează la containerul pentru sticlă, parbrizele au un regim special de colectare, fiind fabricate din 2 materiale: sticlă și plastic. De obicei, companiile care comercializează parbrize colaborează cu firme care le pot recicla. Întreabă furnizorul ce poți face cu parbrizul vechi atunci când cumperi unul nou.Parbrizele sunt obținute în urma unui proces de unire a două foi de sticlă cu un strat de plastic (Polyvinyl butyral sau PVB) prin laminarea împreună, supuse la anumite temperaturi și presiune. Astfel, prin combinația de materiale parbrizul devine mai puternic, rezistând avariilor minore. [1];;
Paleți;În România nu există o infrastructură care să pună la dispoziția cetățenilor containere de colectare separată a deșeurilor din lemn, cel puțin, nu a deșeurilor provenite de la persoane fizice (ex. mobilă veche sau deteriorată din gospodării). Aici poți găsi puncte de colectare paleți: https://localizare.hartareciclarii.ro/?material=Pale%C8%9Bi  \n  Persoanele juridice au obligația de a colecta separat deșeurile de lemn generate (de regulă, din ambalaje de lemn – paleți, lădițe, dar și din procesarea lemnului – rumeguș și, mai rar, din înlocuirea mobilierului), acestea fiind colectate ulterior de firme autorizate în acest sens.;Deșeuri din materiale compozite a căror separare în vederea reciclării implică un cost ridicat.;Deșeurile din lemn sunt duse la centrele de valorificare, unde sunt testate pentru depistarea deșeurilor lemnoase contaminate (lemn vopsit) și a materialelor nedorite precum praf, roci, gunoi menajer. Atunci când este vorba de lemn tratat, produsele de conservare folosite sunt mai problematice. Întrucât nu se poate constata ușor dacă lemnul folosit are sau nu poluanți, nu există companii care să accepte recuperarea materialelor valorificabile conținute în lemn de origini diferite. Riscul ca substanțele dăunătoare să afecteze atmosfera în timpul tocării sau al tratamentului calorific al lemnului este foarte ridicat. De aceea, în general, se renunță la reciclarea lemnului tratat, acesta este incinerat sau gazeificat în instalații special concepute pentru producția de energie, transformat în cărbune de lemn prin procese termice sau în celuloză datorită proceselor chimice, sau eliminate (incinerare sau depozitarea lor în depozite destinate deșeurilor periculoase).[1]În prezent, în România, deșeurile de lemn se reciclează la Rădăuți, unde s-a realizat un circuit integrat pentru colectarea și reutilizarea lemnului reciclabil: paleți deteriorați, mobilier vechi, deșeuri de plăci aglomerate din lemn, ambalaje din lemn, deșeuri lemnoase de la construcții și demolări, deșeuri lemnoase municipale sau biomasă.[2]Idei creative de reutilizare a paleților
Plumb;;;
Pesticide;;;
PET;Se colectează toate recipientele de plastic transparente sau colorate pentru băuturi (apă, sucuri, bere, ulei).  \n  Recipientele pentru băuturi din plastic, cu capac sau fără, se colectează fără îndepărtarea etichetelor (acestea se îndepărtează în timpul procesului de reciclare).  \n  Dacă este posibil, ar trebui să fie spălate cu apă și uscate. Resturile de alimente sau lichide pot contamina alte deșeuri reciclabile cu care intră în contact. De asemenea, îngreunează procesul automat de sortare și pot chiar dăuna echipamentelor din instalațiile de sortare și reciclare.  \n  Recipientele se presează cât mai mult posibil, pentru reducerea volumului.;Recipiente ale produselor conținând substanțe chimice (ex. antigel). \n  Recipiente ale produselor conținând îngrășăminte pentru plante și pesticide (se vor colecta separat de celelalte deșeuri din plastic, întrucât pot conține substanțe periculoase).;PET-ul este 100% reciclabil.Din ambalajele reciclate se pot fabrica articole de îmbrăcăminte, cum ar fi: tricouri, bluze „polar” etc. Există mari producători de îmbrăcăminte care folosesc exclusiv fibre obținute din PET/poliester reciclat.Procesul de reciclare implicând spălarea, eliminarea impurităților (precum hârtia etichetelor și capacele) și a contaminanților, măcinarea, tocarea, spălarea (din nou), uscarea și prelucrarea materialului în fulgi – materia primă pentru fibre textile sau alte ambalaje din acest material.[1]
Radiatoare;;;
Rumeguș;În România nu există o infrastructură care să asigure containerele de colectare separată a deșeurilor din lemn, cel puțin a celor provenite de la persoane fizice (ex. mobilă veche sau deteriorată din gospodării). Aici poți găsi puncte de colectare rumeguș: https://localizare.hartareciclarii.ro/?material=Rumegu%C8%99  \n  Persoanele juridice au obligația de a colecta separat deșeurile de lemn generate (de regulă, din ambalaje de lemn – paleți, lădițe, dar și din procesarea lemnului – rumeguș și, mai rar, din înlocuirea mobilierului), acestea fiind colectate ulterior de firme special autorizate în acest sens.;Deșeuri din materiale compozite a căror separare în vederea reciclării implică un cost ridicat.;Deșeurile din lemn sunt duse la centrele de valorificare, unde sunt testate pentru depistarea deșeurilor lemnoase contaminate (lemn vopsit) și a materialelor nedorite precum praf, roci, gunoi menajer. Atunci când este vorba de lemn tratat, produsele de conservare folosite sunt mai problematice. Întrucât nu se poate constata ușor dacă lemnul folosit are sau nu poluanți, nu există nicăieri companii care să accepte recuperarea materialelor valorificabile conținute în lemn de origini diferite. Riscul ca substanțele dăunătoare să afecteze atmosfera în timpul tocării sau al tratamentului calorific al lemnului este foarte ridicat. De aceea, se renunță în general la reciclarea lemnului tratat, acesta este incinerat sau gazeificat în instalații special concepute pentru producția de energie, transformat în cărbune de lemn prin procese termice sau în celuloză.[1]Clipuri videoFabricarea brichetelor din rumeguș cu ajutorul presei hidraulice
Solvenți;;;
Sticlă/borcane;Sticla este frecvent utilizată pentru a ambala lichide cum ar fi apă plată și minerală, sucuri, bere, vin, băuturi alcoolice tari, ulei, oțet, sau alimente ca lapte, murături, gemuri, sosuri, precum și sticla de parbriz și este acceptată de multe centre de colectare și colectori autorizați, fără a conta daca este colorată sau nu.  \n  Totuși, rata de colectare separată și reciclare a sticlei este încă redusă în țara noastră (54,2% în anul 2014, conform datelor PNGD[1]), media europeană fiind de 74% (potrivit datelor statistice pentru anul 2015[2]).  \n  După utilizare, sticlele și borcanele se spală și se usucă înainte. Acestea pot fi predate colectorului care le preia de la domiciliu/sediu, duse la containerele stradale verzi sau la centrele de colectare din zonă.  \n  Borcanele pot fi lăsate cu eticheta/folia neîndepărtate, însă capacele de metal trebuie îndepărtate. Capacele se vor colecta separat, împreună cu alte obiecte din metal. Borcanele se vor goli de resturile alimentare, iar dopurile de plută de la sticlele de vin trebuie îndepărtate.  \n  Sticlele, borcanele și recipientele în care au fost medicamente sau substanțe periculoase (substanțe biocide, vopseluri etc.) NU se vor colecta împreună cu sticlele și borcanele în care au fost ambalate produse alimentare sau corespunzătoare uzului uman, ci vor fi colectate împreună cu alte deșeuri care conțin substanțe periculoase și predate unui colector autorizat.  \n  Se va face tot posibilul pentru a preveni spargerea sticlei. Sticla spartă este periculoasă pentru cel care o manevrează. Dacă, totuși, sticla se sparge, se va înfășura într-o sacoșă înainte de a o arunca, astfel încât lucrătorii de la salubritate să nu se rănească manipulând-o.;Porțelan, cristal, ceramică \n  Pahare de băut și farfurii \n  Vase rezistente la căldură – ex. vasele de tip Jena (au temperatura de topire diferită de cea a sticlei folosite la ambalaje) \n  Farfuriile-suport de la cuptoarele cu microunde \n  Oglinzi, geamuri, chiuvete din ceramică (pentru acest tip de deșeuri va fi necesară găsirea unui colector de deșeuri din construcții și demolări, care ar urma să le preia cu programare prealabilă) \n  Ambalaje medicamente și produse cosmetice cu conținut periculos (ex. vopseluri, lacuri de unghii) \n  Becuri și neoane (deși au în componență sticlă, aceasta este tratată și nu poate fi reciclată împreuna cu ambalajele de sticlă &&  aceste produse se reciclează separat.;Sticla brună absoarbe cea mai mare parte a radiațiilor ultraviolete cu lungimi de undă mai mici de 450 nm (nanometri), oferind cea mai bună protecție împotriva luminii potențial dăunătoare (berea, de exemplu, ar fi afectată din punct de vedere calitativ dacă ar fi îmbuteliată în ambalaj de sticlă transparentă).Sticla verde oferă protecție contra luminii, dar nu la fel de mult ca sticla maro.Sticla transparentă este cea mai folosită la îmbutelierea produselor care nu sunt afectate la expunerea la lumină (alcool, apă, sosuri, etc).
Tetra Pak (cutii de lapte, suc);După utilizare, cutiile Tetra Pak se spală, se turtesc și, pe cât posibil, se usucă înainte de a fi introduse în containerul de colectare separată dedicat plasticului. La umplerea acestuia, deșeurile sunt, duse la centrele de colectare sau predate colectorului care ridică deșeurile de la domiciliu/sediu.  \n  Nu se scot capacele din plastic ale ambalajelor TP, deoarece acestea vor fi îndepărtate la stația de sortare și reciclate ulterior potrivit fluxului specific deșeului respectiv.  \n  Odată preluate de colector, deșeurile din plastic, împreună cu cele TP sunt duse la stația de sortare, urmând să fie direcționate ulterior spre reciclare la fabricile de profil.;Nu se pot recicla: \n  • Ambalajele laminate în care se ambalează mâncarea, băutura, cafeaua;
Tablă;;;
Telefoane mobile;Un deșeu de tip DEEE este reciclabil dacă întrunește cel puțin una din următoarele cerințe:  \n  – Se introduce în priză  \n  – Utilizează baterii  \n  – Necesită încărcare  \n  – Are o imagine cu o pubelă pe roți tăiată cu un “X” ( (vezi mai jos)De multe ori, magazinele care vând produse electrocasnice colectează produsul vechi la livrarea celui nou – în special articole mai mari, cum ar fi televizoarele, frigiderele și congelatoarele.  \n  În cazul în care nu există opțiunea predării aparatului vechi la livrarea celui nou, DEEE-urile pot fi transportate la centre de colectare specializate (care există fie în magazine – pentru baterii sau electrocasnice mici – ex. Ecotic), fie se poate solicita colectarea de acasă a DEEE-urilor, telefonic sau prin intermediul website-urilor disponibile clienților (ex.: Rorec). Se va întreba colectorul care este cantitatea minimă pentru care se face colectarea de la domiciliu/sediu.  \n  Înainte de a preda anumite DEEE-uri (ex. telefoane mobile, tablete, laptop-uri, televizoare smart), este indicat să fie șterse de pe ele datele cu caracter personal, pentru a nu risca să ajungă cunoscute și folosite de alte persoane.  \n  Dacă deținem DEEE care nu ne mai folosesc, dar mai sunt încă funcționale, cea mai indicată destinație a acestora este donarea către organizații caritabile, care le recondiționează și le donează ulterior unor categorii sociale defavorizate. În București poți preda deșeurile pentru reutilizare către: Buybackmobile (Telefoane mobile) , Asociatia Samu Social (Telefoane mobile funcționale, dar și îmbrăcăminte, încălțăminte, pături), Magazinul Social Exchange, Palatul Vechiturilor (articole de uz casnic, bijuterii/accesorii, genți, decorațiuni, sisteme de iluminat, cărți, CD/DVD/discuri de vinil, mobilier, obiecte de artă).;Tuburile catodice ale televizoarelor vechi (acestea se depozitează) \n  Unele substanțe periculoase existente în interiorul DEEE \n  Unele componente de DEEE;După colectarea deșeurilor electrice, acestea sunt încărcate și transportate în condiții de siguranță către operatorii de tratare și reciclare. Procesul de tratare include mai multe activităţi de natură fizică (dezmembrare / tăiere, sustragerea substanţelor nocive din componenţa unor DEEE prin anumite metode) din care rezultă componente (cabluri, motoare, plăci circuite imprimate) şi materiale (sticlă, plastic, metal etc.) ce vor fi supuse ulterior, în funcţie de caz, unor tratări suplimentare, valorificări, reciclări şi/sau neutralizări şi eliminări nepoluante. În cele din urmă, după neutralizarea substanţelor periculoase în vederea eliminării nepoluante, rezultă, din procese tehnologice minuţios organizate, materiile prime secundare pentru reintroducerea acestora în circuitul economic (ex: producţia unor bunuri). [1]Prezentarea atelierului social de recondiționare, reciclare computere – Ateliere fară Frontiere
Tuburi de aluminiu cu aerosoli;;;
Ulei alimentar uzat;Strângeți uleiul într-un recipient de metal, plastic sau sticlă, strecurându-l de resturile alimentare printr-o sită.  \n  După ce ați gătit, lăsați uleiul folosit să se răcească. Între timp, puteți pregăti un recipient în care să-l colectați. Vă recomandăm să folosiți sticle de plastic de 2 sau 5 litri, deoarece sunt mai ușor de transportat și poate fi evitată spargerea lor.  \n  Uleiul trebuie lăsat să se răcească, deoarece fierbinte poate provoca arsuri grave dacă, din neatenție, ajunge pe piele. În al doilea rând, ar putea provoca topirea sticlelor de plastic. După ce uleiul s-a răcit, cu ajutorul unei pâlnii, turnați-l cu grijă în sticlă. În cazul în care nu aveți la îndemână nicio pâlnie, realizați dumneavoastră una. Este simplu: tăiați partea superioară a unei sticle (mai mici decât cea în care doriți să colectați uleiul), scoateți capacul și este gata – aveți o pâlnie numai bună de folosit.  \n  După colectarea uleiului, acesta trebuie transportat la un centru de colectare, urmând ca de acolo să ajungă la o firmă de reciclare.  \n  Reutilizarea uleiului de gătit depinde de mai mulți factori, inclusiv de temperatură, timp și scop. Filtrați întotdeauna resturile alimentare, nu amestecați diferite uleiuri și țineți temperatura de gătire sub 190 de grade Celsius pentru a reduce riscul ca uleiul să devină periculos pentru utilizare.  \n  Ca o regulă de bază, grăsimile și proteinele animale de orice fel nu ar trebui să fie compostate deoarece grămezile cu compost nu ajung să devină suficient de calde pentru a descompune grăsimile animale, creând potențial de dezvoltare a mucegaiurilor. Cel mai sigur e să eliminați grăsimile din compost.;• uleiul uzat amestecat cu apă sau uleiuri minerale, ulei de motor, lichid de frână sau transmisie, produse chimice, resturi alimentare sau alte deșeuri, deoarece nu mai poate ﬁ reciclat. \n  • mai multe tipuri de ulei vegetal amestecate în același recipient (ex. floarea soarelui, cocos, palmier, etc), fiindcă sunt mai dificil de reciclat!;
Ulei auto;Uleiul de motor este colectat, în general, de service-urile unde șoferii merg să își facă revizia periodică și să schimbe filtrele și uleiul.  \n  Dacă ești decis să schimbi singur uleiul, asigură-te că îl colectezi pe tot. Pentru mai multă siguranță, așează o prelată zona de lucru. Poziționează un recipient adecvat deasupra prelatei și sub motor pentru a colecta uleiul pe măsură ce se scurge.  \n  Golește filtrul de ulei: începe prin a face un mic orificiu în cupola filtrului și lasă-l să se scurgă bine în același recipient în care ai colectat uleiul care s-a scurs. Sigilează apoi filtrul într-o pungă. Chiar și după ce l-ai scurs, acesta poate conține în continuare ulei care poate fi reciclat.  \n  Când ai terminat, poate fi necesar să transferi uleiul într-un alt recipient pentru depozitare și transport. Recipientul în care a venit uleiul ar fi cel mai bun mod de stocare.  \n  Odată ce uleiul uzat a fost depozitat corespunzător, închide capacul și păstrează recipientul într-un loc răcoros, uscat, departe de căldura, lumina soarelui, copii și animale de companie.;Uleiul auto care a fost amestecat cu alte fluide (lichid de spălare, benzină, apă, antigel, lichid de frână etc.);Uleiul auto uzat poate fi dus la centrele autorizate de colectare. Acestea pot fi magazinele de piese auto sau service-urile care acceptă pentru reciclare uleiul de motor și filtrele de ulei folosite.Uleiul uzat poate fi transformat în combustibil pentru încălzirea locuințelor sau poate fi ars în centrale electrice pentru a genera electricitate. Totodată, uleiul uzat poate fi materie primă pentru industria de rafinare și cea petrochimică. În plus, filtrele de ulei uzate conțin fier reutilizabil. După ce uleiul auto este recuperat, acesta este curățat de impurități și poate fi folosit din nou.Don’t Toss That Used Motor Oil!
Uși, grinzi, alte lemne din demolări;Deșeurile din construcții și demolări (DCD) sunt deșeuri rezultate în urma unor construcții noi, modernizări sau demolări ale construcțiilor vechi. Acest tip de deșeuri nu trebuie tratat la fel ca celelalte tipuri, precum deșeurile menajere. [1] DCD sunt compuse din betoane, cărămizi, tencuială, precum și lemn, metal, moloz și materiale izolatoare (polistiren, vată minerală) etc. Acestea nu sunt biodegradabile, de cele mai multe ori grele, voluminoase și suprasolicită gropile de gunoi.Colectarea deșeurilor din construcții și demolări se face în containere mari (care au minim 3m³) sau direct de către camioane basculante. Colectarea acestor deșeuri stă în sarcina cetățeanului să plătească pentru debarasarea lor, pentru că acesta poluează. Există și taxe pentru aceste deșeuri pentru a încuraja responsabilizarea în privința poluării. Persoanele care realizează lucrări în regie proprie sunt nevoite să solicite serviciile unor firme specializate sau de salubritate, care să ridice deșeurile.Uniunea Europeană a stabilit un standard care presupune separarea diferită a acestor deșeuri și manevrarea lor ca deșeuri industriale. Reciclarea deșeurilor din construcții și demolări înseamnă reducerea costurilor de producție a unor materiale noi. Recuperarea acestor materiale care rămân în urma construcțiilor și demolărilor înseamnă reducerea utilizării resurselor prime (mai mult de 50% din materialele extrase din pământ sunt transformate în materiale de construcții). O directivă la nivel european presupune ca până în 2020, cel puțin 70% din DCD să fie reciclate și refolosite. [2];;
Vehicule scoase din uz (VSU);Vehiculele scoase din uz sunt vehicule clasificate ca deșeuri. Componentele și materialele din care acestea sunt fabricate sunt, de asemenea, clasificate ca deșeuri.„îmbătrânesc” și ajung să nu mai fie folosite, fiind considerate vehicule scoase din uz în mod natural &&   \n  au suferit accidente în urma cărora nu au mai putut fi recuperate, fiind considerate vehicule scoase din uz prematur.Conform Directivei privind vehiculele scoase din uz (2000/53/ EC), intrată în vigoare în 2007, producătorii trebuie să asigure – în etapa de proiectare și de construcție – că materialele și componentele vehiculelor pot fi demontate, refolosite și recuperate.  Începând cu anul 2015, producătorii trebuie să se asigure că vehiculele noi sunt refolosibile și/sau reciclabile în proporție de minimum 85% din greutatea lor.Orice vehicul scos din uz poate fi dus la punctele de colectare partenere ale operatorilor economici autorizați, unde va fi acceptată gratuit. Acestea trebuie să îndeplinească anumite condiții:autovehiculul este un vehicul de pasageri, cu maximum nouă locuri și greutate de maximum 3,5 tone &&   \n  este complet, adică are componentele esențiale, inclusiv motorul, transmisia, caroseria, roțile și convertorul catalitic (dacă este cazul) &&   \n  nu conține deșeuri suplimentare (de exemplu, deșeuri menajere, anvelope suplimentare).;;
Vopsea;Vopseaua se colectează în containerul cu deșeuri periculoase, deoarece conține substanțe chimice și poate fi inflamabilă. Vopseaua trebuie eliminată profesional fiind prelucrată special în vederea eliminării, dacă nu mai poate fi folosită. Vopseaua este de mai multe tipuri, în funcție de componența, iar procesele de reciclare sunt diferite.Ce poți face ca vopseaua să reziste mai mult?Nu ține recipientul deschis foarte mult timp.  \n  Atunci când nu o mai folosești, asigură-te că ai pus capacul bine și nu poate intra aerul.  \n  Depoziteaz-o într-un loc uscat și răcoros.;;
Zinc;Orice obiect confecționat din metal poate fi reciclat. Metalul se împarte în două grupe: metale neferoase (aluminiu, cupru, zinc etc.) și metale feroase (oțel/inox/fier). Pentru a îți da seama în ce categorie se încadrează folosește un magnet. Metalele neferoase nu sunt magnetice, deci nu se va lipi magnetul de ele, în timp ce metalele feroase sunt magnetice.  \n  Metalul poate proveni din multiple surse, de la electronice și electrocasnice mici și mari (unele componente ale acestora sunt confecționate din diferite metale – aur, argint, zinc, oțel, etc.) până la obiecte folosite în construcții sau conserve și doze pentru băuturi.  \n  Cel mai frecvent și valoros material reciclabil e aluminiul. Acesta se găsește sub forma dozelor de băuturi răcoritoare, bere, energizante, a flacoanelor cu aerosoli de parfum sau deodorant.;Recipientele metalice care nu au fost golite de conținut \n  Recipientele metalice de vopsea sau alte produse, contaminate cu solvenți sau alte substanțe periculoase \n  Folia metalizată de la diverse alimente, cum este cea de ciocolată sau de chips-uri;Deoarece sortarea în containerele dedicate nu este făcută întotdeauna corespunzător, de obicei la centrele specializate se mai face și o sortare manuală, și apoi una mecanică, ce utilizează un electromagnet, pentru a separa metalele feroase de cele neferoase. Fiecare categorie de metal este separată pe categorii: zinc, oțel, aluminiu etc.Pentru ca procesul de separare să fie mai facil, în majoritatea cazurilor metalul se reciclează în aceleași containere cu plasticul. Ele sunt apoi alese la stațiile de sortare.Deșeurile din zinc sau alt metal trebuie colectate pe categorii de metale și duse la centrele de valorificare specializate, unde sunt sortate, spălate, topite, turnate în role, folie, lingou sau sul, apoi transformate în noi obiecte.
Îngrășăminte;;;
Încălțăminte;Înainte de a preda articolele de îmbrăcăminte sau încălțăminte, se va analiza dacă acestea pot fi recondiționate, pictate, reciclate creativ, astfel încât să se obțină produse „noi” frumoase și fără niciun cost.Pantofii și cizmele vechi sau neutilizate de mult timp pot fi duse la Centre de colectare sau donate magazinelor/asociatiilor de caritate, care le recondiționează și le revând la prețuri modice. Totuși, înainte de a fi predate, se va suna Centrul de colectare sau Magazinul de caritate, întrucât pot avea restricții privind anumite articole, din rațiuni ce țin de sănătate publica. De asemenea, piesele de încălțăminte vor fi împerecheate înainte de a fi donate.;;
